年月日,平均気温,平均気温,平均気温,最高気温,最高気温,最高気温,最低気温,最低気温,最低気温,降水量の合計(mm),降水量の合計(mm),降水量の合計(mm),降水量の合計(mm),日照時間(時間),日照時間(時間),日照時間(時間),日照時間(時間),最深積雪(cm),最深積雪(cm),最深積雪(cm),最深積雪(cm),降雪量合計(cm),降雪量合計(cm),降雪量合計(cm),降雪量合計(cm),平均風速(m/s),平均風速(m/s),平均風速(m/s),最大風速(m/s),最大風速(m/s),最大風速(m/s),最大瞬間風速(m/s),最大瞬間風速(m/s),最大瞬間風速(m/s),平均雲量(10分比),平均雲量(10分比),平均雲量(10分比),,品質情報,均質番号,,品質情報,均質番号,,品質情報,均質番号,,現象なし情報,品質情報,均質番号,,現象なし情報,品質情報,均質番号,,現象なし情報,品質情報,均質番号,,現象なし情報,品質情報,均質番号,,品質情報,均質番号,,品質情報,均質番号,,品質情報,均質番号,,品質情報,均質番号
2012/8/1,29.4,8,1,33.1,8,1,27.1,8,1,0,1,8,1,5.9,0,8,1,0,1,8,1,0,1,8,1,3.3,8,1,5.9,8,1,9.2,8,1,7.3,8,1
2012/8/2,30.2,8,1,34.7,8,1,27.2,8,1,0,1,8,1,9.6,0,8,1,0,1,8,1,0,1,8,1,3.2,8,1,5.1,8,1,8.6,8,1,2.5,8,1
2012/8/3,29.8,8,1,34.0,8,1,27.3,8,1,0,1,8,1,8.1,0,5,1,0,1,8,1,0,1,8,1,2.8,8,1,6.6,8,1,9.6,8,1,6.5,8,1
2012/8/4,28.6,8,1,31.8,8,1,26.1,8,1,0.0,0,8,1,2.6,0,8,1,0,1,8,1,0,1,8,1,2.7,8,1,5.6,8,1,8.4,8,1,8.8,8,1
2012/8/5,29.8,8,1,34.2,8,1,26.6,8,1,0.0,0,8,1,10.3,0,8,1,0,1,8,1,0,1,8,1,3.3,8,1,6.8,8,1,11.8,8,1,6.3,8,1
2012/8/6,27.4,8,1,29.4,8,1,25.3,8,1,15.5,0,8,1,1.6,0,8,1,0,1,8,1,0,1,8,1,2.0,8,1,4.3,8,1,7.1,8,1,10.0,8,1
2012/8/7,28.7,8,1,32.4,8,1,25.5,8,1,0.0,0,8,1,7.6,0,8,1,0,1,8,1,0,1,8,1,3.0,8,1,6.4,8,1,11.2,8,1,4.3,8,1
2012/8/8,25.8,8,1,29.6,8,1,23.4,8,1,0,1,8,1,6.6,0,8,1,0,1,8,1,0,1,8,1,3.2,8,1,5.0,8,1,9.7,8,1,8.3,8,1
2012/8/9,25.9,8,1,30.2,8,1,22.9,8,1,0,1,8,1,7.9,0,8,1,0,1,8,1,0,1,8,1,2.7,8,1,5.4,8,1,9.2,8,1,6.8,8,1
2012/8/10,27.1,8,1,31.2,8,1,23.8,8,1,0,1,8,1,5.9,0,8,1,0,1,8,1,0,1,8,1,3.3,8,1,7.7,8,1,11.9,8,1,9.8,8,1
2012/8/11,28.8,8,1,31.6,8,1,27.2,8,1,0.0,0,8,1,2.2,0,8,1,0,1,8,1,0,1,8,1,3.3,8,1,6.6,8,1,11.3,8,1,10.0,8,1
2012/8/12,27.6,8,1,30.9,8,1,25.2,8,1,0.5,0,8,1,4.2,0,8,1,0,1,8,1,0,1,8,1,3.0,8,1,6.0,8,1,9.7,8,1,7.0,8,1
2012/8/13,29.8,8,1,34.5,8,1,26.3,8,1,0.0,0,8,1,9.4,0,8,1,0,1,8,1,0,1,8,1,5.2,8,1,10.2,8,1,19.8,8,1,7.0,8,1
2012/8/14,28.6,8,1,30.6,8,1,26.4,8,1,1.0,0,8,1,2.2,0,8,1,0,1,8,1,0,1,8,1,3.4,8,1,7.6,8,1,12.6,8,1,8.8,8,1
2012/8/15,29.1,8,1,33.4,8,1,25.9,8,1,0.0,0,8,1,3.1,0,8,1,0,1,8,1,0,1,8,1,3.7,8,1,7.5,8,1,13.0,8,1,9.8,8,1
2012/8/16,30.1,8,1,34.5,8,1,27.5,8,1,0,1,8,1,7.0,0,8,1,0,1,8,1,0,1,8,1,3.5,8,1,6.1,8,1,10.4,8,1,6.3,8,1
2012/8/17,30.5,8,1,35.7,8,1,27.5,8,1,0.0,0,8,1,8.3,0,8,1,0,1,8,1,0,1,8,1,2.5,8,1,7.0,8,1,10.2,8,1,9.0,8,1
2012/8/18,28.0,8,1,30.8,8,1,25.5,8,1,8.0,0,8,1,2.3,0,8,1,0,1,8,1,0,1,8,1,2.0,8,1,7.0,8,1,11.3,8,1,9.5,8,1
2012/8/19,29.0,8,1,33.1,8,1,26.4,8,1,0,1,8,1,11.5,0,8,1,0,1,8,1,0,1,8,1,3.9,8,1,6.6,8,1,10.8,8,1,3.5,8,1
2012/8/20,29.1,8,1,33.0,8,1,25.0,8,1,0,1,8,1,9.4,0,8,1,0,1,8,1,0,1,8,1,2.5,8,1,5.6,8,1,8.2,8,1,3.0,8,1
2012/8/21,29.7,8,1,34.0,8,1,26.5,8,1,0,1,8,1,11.8,0,8,1,0,1,8,1,0,1,8,1,3.7,8,1,6.7,8,1,11.0,8,1,2.0,8,1
2012/8/22,29.6,8,1,33.5,8,1,27.0,8,1,0,1,8,1,11.0,0,8,1,0,1,8,1,0,1,8,1,4.5,8,1,8.0,8,1,12.9,8,1,2.0,8,1
2012/8/23,30.1,8,1,34.2,8,1,26.8,8,1,0,1,8,1,11.7,0,8,1,0,1,8,1,0,1,8,1,3.3,8,1,6.0,8,1,9.5,8,1,3.5,8,1
2012/8/24,30.0,8,1,35.2,8,1,27.0,8,1,0,1,8,1,10.6,0,8,1,0,1,8,1,0,1,8,1,3.0,8,1,5.9,8,1,8.5,8,1,2.3,8,1
2012/8/25,29.9,8,1,34.4,8,1,27.0,8,1,0,1,8,1,9.3,0,8,1,0,1,8,1,0,1,8,1,2.9,8,1,5.7,8,1,9.7,8,1,4.3,8,1
2012/8/26,30.1,8,1,34.8,8,1,26.8,8,1,0,1,8,1,10.2,0,8,1,0,1,8,1,0,1,8,1,2.8,8,1,6.0,8,1,8.4,8,1,5.0,8,1
2012/8/27,30.0,8,1,35.0,8,1,27.0,8,1,0,1,8,1,10.9,0,8,1,0,1,8,1,0,1,8,1,3.5,8,1,6.5,8,1,10.9,8,1,2.0,8,1
2012/8/28,29.6,8,1,33.8,8,1,27.3,8,1,0,1,8,1,9.6,0,8,1,0,1,8,1,0,1,8,1,4.0,8,1,6.5,8,1,10.8,8,1,7.8,8,1
2012/8/29,29.1,8,1,32.5,8,1,26.7,8,1,0,1,8,1,7.4,0,8,1,0,1,8,1,0,1,8,1,3.4,8,1,6.7,8,1,10.5,8,1,10.0,8,1
2012/8/30,30.2,8,1,35.6,8,1,26.9,8,1,0,1,8,1,9.9,0,8,1,0,1,8,1,0,1,8,1,2.7,8,1,5.9,8,1,9.8,8,1,7.0,8,1
2012/8/31,29.6,8,1,33.8,8,1,27.6,8,1,0,1,8,1,7.9,0,8,1,0,1,8,1,0,1,8,1,3.7,8,1,6.8,8,1,11.4,8,1,5.8,8,1
2012/9/1,27.9,8,1,31.4,8,1,24.3,8,1,22.5,0,8,1,4.3,0,8,1,0,1,8,1,0,1,8,1,2.9,8,1,9.8,8,1,15.7,8,1,8.3,8,1
2012/9/2,25.8,8,1,28.6,8,1,23.7,8,1,17.5,0,8,1,2.3,0,8,1,0,1,8,1,0,1,8,1,2.3,8,1,4.5,8,1,7.9,8,1,9.8,8,1
2012/9/3,26.9,8,1,30.6,8,1,24.2,8,1,0.5,0,8,1,2.8,0,8,1,0,1,8,1,0,1,8,1,2.6,8,1,5.8,8,1,9.9,8,1,10.0,8,1
2012/9/4,27.3,8,1,31.4,8,1,24.1,8,1,4.5,0,8,1,4.6,0,8,1,0,1,8,1,0,1,8,1,2.2,8,1,5.5,8,1,11.1,8,1,9.5,8,1
2012/9/5,28.6,8,1,33.2,8,1,24.6,8,1,0.0,0,8,1,8.1,0,8,1,0,1,8,1,0,1,8,1,2.2,8,1,5.2,8,1,8.0,8,1,8.3,8,1
2012/9/6,27.3,8,1,32.9,8,1,23.7,8,1,2.0,0,8,1,3.5,0,8,1,0,1,8,1,0,1,8,1,2.3,8,1,8.5,8,1,14.0,8,1,10.0,8,1
2012/9/7,27.6,8,1,31.4,8,1,23.8,8,1,0.0,0,8,1,6.4,0,8,1,0,1,8,1,0,1,8,1,2.1,8,1,5.5,8,1,9.0,8,1,6.8,8,1
2012/9/8,28.1,8,1,32.5,8,1,25.8,8,1,0.0,0,8,1,6.0,0,8,1,0,1,8,1,0,1,8,1,2.8,8,1,5.7,8,1,9.6,8,1,6.8,8,1
2012/9/9,28.8,8,1,32.8,8,1,26.2,8,1,0,1,8,1,10.2,0,8,1,0,1,8,1,0,1,8,1,3.6,8,1,6.5,8,1,10.8,8,1,6.0,8,1
2012/9/10,28.9,8,1,33.1,8,1,26.3,8,1,0,1,8,1,9.7,0,8,1,0,1,8,1,0,1,8,1,3.5,8,1,5.7,8,1,9.3,8,1,6.3,8,1
2012/9/11,28.7,8,1,33.5,8,1,25.6,8,1,0.0,0,8,1,9.9,0,8,1,0,1,8,1,0,1,8,1,2.7,8,1,6.6,8,1,10.2,8,1,4.8,8,1
2012/9/12,28.1,8,1,32.9,8,1,24.4,8,1,0.0,0,8,1,9.4,0,8,1,0,1,8,1,0,1,8,1,2.6,8,1,4.9,8,1,7.5,8,1,7.3,8,1
2012/9/13,28.8,8,1,33.8,8,1,25.3,8,1,0,1,8,1,11.4,0,8,1,0,1,8,1,0,1,8,1,2.7,8,1,6.1,8,1,9.3,8,1,6.0,8,1
2012/9/14,28.8,8,1,32.1,8,1,26.4,8,1,0,1,8,1,9.2,0,8,1,0,1,8,1,0,1,8,1,3.8,8,1,7.0,8,1,12.1,8,1,3.5,8,1
2012/9/15,28.3,8,1,32.3,8,1,26.2,8,1,0.0,0,8,1,8.5,0,8,1,0,1,8,1,0,1,8,1,3.1,8,1,6.0,8,1,9.2,8,1,8.0,8,1
2012/9/16,28.3,8,1,31.7,8,1,26.1,8,1,3.5,0,8,1,4.6,0,8,1,0,1,8,1,0,1,8,1,2.6,8,1,5.0,8,1,9.7,8,1,8.5,8,1
2012/9/17,27.9,8,1,30.7,8,1,25.1,8,1,8.5,0,8,1,4.8,0,8,1,0,1,8,1,0,1,8,1,4.6,8,1,8.9,8,1,16.2,8,1,7.5,8,1
2012/9/18,28.0,8,1,31.8,8,1,24.8,8,1,5.5,0,8,1,4.6,0,8,1,0,1,8,1,0,1,8,1,4.6,5,1,8.7,8,1,13.3,8,1,8.5,8,1
2012/9/19,26.7,8,1,29.1,8,1,23.6,8,1,36.0,0,8,1,0.4,0,8,1,0,1,8,1,0,1,8,1,3.9,8,1,7.7,8,1,16.1,8,1,10.0,8,1
2012/9/20,27.6,8,1,31.0,8,1,24.8,8,1,0,1,8,1,9.5,0,8,1,0,1,8,1,0,1,8,1,2.6,8,1,5.6,8,1,8.2,8,1,5.8,8,1
2012/9/21,24.7,8,1,26.9,8,1,23.1,8,1,16.0,0,8,1,2.0,0,8,1,0,1,8,1,0,1,8,1,2.4,8,1,5.1,8,1,9.1,8,1,10.0,8,1
2012/9/22,22.3,8,1,25.2,8,1,20.0,8,1,10.5,0,8,1,1.3,0,8,1,0,1,8,1,0,1,8,1,2.5,8,1,5.0,8,1,7.9,8,1,9.3,8,1
2012/9/23,20.3,8,1,22.5,8,1,18.5,8,1,45.5,0,8,1,0.0,0,8,1,0,1,8,1,0,1,8,1,2.7,8,1,5.4,8,1,10.2,8,1,10.0,8,1
2012/9/24,23.2,8,1,28.1,8,1,19.0,8,1,21.5,0,8,1,7.5,0,8,1,0,1,8,1,0,1,8,1,2.2,8,1,6.3,8,1,9.9,8,1,7.5,8,1
2012/9/25,20.4,8,1,22.4,8,1,18.0,8,1,7.5,0,8,1,0.0,0,8,1,0,1,8,1,0,1,8,1,2.6,8,1,4.5,8,1,8.3,8,1,9.8,8,1
2012/9/26,21.8,8,1,25.5,8,1,18.7,8,1,0,1,8,1,7.0,0,8,1,0,1,8,1,0,1,8,1,2.8,8,1,5.0,8,1,10.0,8,1,10.0,8,1
2012/9/27,21.2,8,1,24.8,8,1,18.4,8,1,0.0,0,8,1,4.1,0,8,1,0,1,8,1,0,1,8,1,3.9,8,1,7.4,8,1,15.7,8,1,10.0,8,1
2012/9/28,22.3,8,1,25.1,8,1,19.6,8,1,0.0,0,8,1,0.1,0,8,1,0,1,8,1,0,1,8,1,3.9,8,1,6.9,8,1,12.3,8,1,9.0,8,1
2012/9/29,24.9,8,1,28.1,8,1,21.8,8,1,0,1,8,1,6.0,0,8,1,0,1,8,1,0,1,8,1,2.6,8,1,5.0,8,1,9.3,8,1,5.5,8,1
2012/9/30,25.7,8,1,29.5,8,1,22.3,8,1,13.0,0,8,1,6.2,0,8,1,0,1,8,1,0,1,8,1,5.2,8,1,14.1,8,1,29.6,8,1,9.8,8,1
2012/10/1,26.9,8,1,31.0,8,1,24.7,8,1,0,1,8,1,11.1,0,8,1,0,1,8,1,0,1,8,1,4.8,8,1,12.4,8,1,22.9,8,1,3.8,8,1
2012/10/2,23.7,8,1,26.5,8,1,21.8,8,1,0.0,0,8,1,1.7,0,8,1,0,1,8,1,0,1,8,1,3.1,8,1,5.1,8,1,9.8,8,1,9.8,8,1
2012/10/3,20.7,8,1,22.7,8,1,18.4,8,1,13.0,0,8,1,0.0,0,8,1,0,1,8,1,0,1,8,1,2.7,8,1,4.6,8,1,8.7,8,1,10.0,8,1
2012/10/4,22.5,8,1,27.3,8,1,18.3,8,1,30.0,0,8,1,6.1,0,8,1,0,1,8,1,0,1,8,1,3.5,8,1,6.2,8,1,12.8,8,1,7.8,8,1
2012/10/5,23.8,8,1,28.1,8,1,20.1,8,1,0,1,8,1,7.4,0,8,1,0,1,8,1,0,1,8,1,1.9,8,1,5.9,8,1,9.3,8,1,7.5,8,1
2012/10/6,24.0,8,1,27.9,8,1,20.7,8,1,8.0,0,8,1,4.2,0,8,1,0,1,8,1,0,1,8,1,2.0,8,1,4.3,8,1,7.3,8,1,8.8,8,1
2012/10/7,19.1,8,1,20.9,8,1,17.1,8,1,13.5,0,8,1,2.1,0,8,1,0,1,8,1,0,1,8,1,2.3,8,1,6.0,8,1,10.4,8,1,8.0,8,1
2012/10/8,19.8,8,1,23.1,8,1,17.7,8,1,0,1,8,1,6.0,0,8,1,0,1,8,1,0,1,8,1,2.8,8,1,5.3,8,1,9.1,8,1,7.5,8,1
2012/10/9,19.1,8,1,22.6,8,1,16.6,8,1,0.0,0,8,1,2.5,0,8,1,0,1,8,1,0,1,8,1,3.1,8,1,5.1,8,1,10.0,8,1,8.3,8,1
2012/10/10,19.2,8,1,23.0,8,1,15.6,8,1,0.5,0,8,1,4.0,0,8,1,0,1,8,1,0,1,8,1,2.7,8,1,5.9,8,1,8.7,8,1,9.8,8,1
2012/10/11,20.8,8,1,25.0,8,1,17.6,8,1,0.0,0,8,1,4.8,0,8,1,0,1,8,1,0,1,8,1,2.6,8,1,4.8,8,1,9.5,8,1,9.0,8,1
2012/10/12,20.9,8,1,24.7,8,1,16.9,8,1,0.0,0,8,1,6.1,0,8,1,0,1,8,1,0,1,8,1,3.0,8,1,5.9,8,1,10.0,8,1,7.8,8,1
2012/10/13,20.7,8,1,24.6,8,1,17.3,8,1,0,1,8,1,9.4,0,8,1,0,1,8,1,0,1,8,1,3.4,8,1,6.3,8,1,11.5,8,1,6.0,8,1
2012/10/14,17.9,8,1,19.5,8,1,16.2,8,1,0.0,0,8,1,0.2,0,8,1,0,1,8,1,0,1,8,1,2.0,8,1,4.3,8,1,6.4,8,1,8.5,8,1
2012/10/15,21.0,8,1,25.7,8,1,16.9,8,1,0,1,8,1,6.8,0,8,1,0,1,8,1,0,1,8,1,2.6,8,1,5.0,8,1,9.3,8,1,6.0,8,1
2012/10/16,19.1,8,1,22.5,8,1,15.9,8,1,0,1,8,1,9.6,0,8,1,0,1,8,1,0,1,8,1,2.5,8,1,4.5,8,1,9.0,8,1,2.8,8,1
2012/10/17,17.7,8,1,23.4,8,1,14.7,8,1,19.5,0,8,1,2.8,0,8,1,0,1,8,1,0,1,8,1,2.3,8,1,5.6,8,1,7.9,8,1,8.0,8,1
2012/10/18,17.8,8,1,20.6,8,1,13.9,8,1,21.5,0,8,1,0.0,0,8,1,0,1,8,1,0,1,8,1,2.4,8,1,6.1,8,1,12.6,8,1,10.0,8,1
2012/10/19,16.3,8,1,20.1,8,1,12.5,8,1,13.5,0,8,1,8.2,0,8,1,0,1,8,1,0,1,8,1,2.7,8,1,5.1,8,1,9.5,8,1,3.8,8,1
2012/10/20,18.1,8,1,21.5,8,1,13.9,8,1,0,1,8,1,7.2,0,8,1,0,1,8,1,0,1,8,1,2.5,8,1,5.9,8,1,9.9,8,1,3.3,8,1
2012/10/21,19.1,8,1,25.5,8,1,13.6,8,1,0,1,8,1,9.9,0,8,1,0,1,8,1,0,1,8,1,2.0,8,1,4.1,8,1,7.6,8,1,0.0,8,1
2012/10/22,19.8,8,1,23.3,8,1,15.4,8,1,0,1,8,1,5.5,0,8,1,0,1,8,1,0,1,8,1,2.9,8,1,6.8,8,1,11.3,8,1,3.5,8,1
2012/10/23,20.5,8,1,25.2,8,1,15.1,8,1,6.0,0,8,1,1.2,0,8,1,0,1,8,1,0,1,8,1,5.0,8,1,9.7,8,1,17.1,8,1,9.8,8,1
2012/10/24,17.2,8,1,20.8,8,1,14.1,8,1,0,1,8,1,9.7,0,8,1,0,1,8,1,0,1,8,1,4.3,8,1,8.2,8,1,13.2,8,1,3.3,8,1
2012/10/25,16.6,8,1,19.3,8,1,14.1,8,1,0.0,0,8,1,0.8,0,8,1,0,1,8,1,0,1,8,1,2.2,8,1,4.2,8,1,7.0,8,1,10.0,8,1
2012/10/26,18.3,8,1,22.5,8,1,13.4,8,1,0.0,0,8,1,9.0,0,8,1,0,1,8,1,0,1,8,1,2.6,8,1,4.5,8,1,7.1,8,1,4.5,8,1
2012/10/27,18.0,8,1,20.8,8,1,15.9,8,1,0.0,0,8,1,5.1,0,8,1,0,1,8,1,0,1,8,1,2.9,8,1,5.6,8,1,10.7,8,1,8.3,8,1
2012/10/28,15.4,8,1,16.4,8,1,14.4,8,1,20.5,0,8,1,0.5,0,8,1,0,1,8,1,0,1,8,1,2.3,8,1,4.3,8,1,6.8,8,1,10.0,8,1
2012/10/29,17.7,8,1,22.7,8,1,14.4,8,1,8.5,0,8,1,9.2,0,8,1,0,1,8,1,0,1,8,1,3.7,8,1,8.3,8,1,15.2,8,1,3.3,8,1
2012/10/30,15.5,8,1,17.9,8,1,11.8,8,1,0,1,8,1,1.5,0,8,1,0,1,8,1,0,1,8,1,1.9,8,1,4.0,8,1,8.0,8,1,7.5,8,1
2012/10/31,14.9,8,1,18.7,8,1,12.0,8,1,0.0,0,8,1,4.0,0,8,1,0,1,8,1,0,1,8,1,1.9,8,1,3.6,8,1,7.1,8,1,5.0,8,1
2012/11/1,15.3,8,1,21.5,8,1,10.6,8,1,0,1,8,1,9.4,0,8,1,0,1,8,1,0,1,8,1,2.7,8,1,7.1,8,1,13.4,8,1,0.8,8,1
2012/11/2,14.9,8,1,19.1,8,1,12.4,8,1,0,1,8,1,9.0,0,8,1,0,1,8,1,0,1,8,1,3.9,8,1,7.3,8,1,13.9,8,1,1.3,8,1
2012/11/3,14.0,8,1,18.0,8,1,11.6,8,1,0,1,8,1,4.2,0,8,1,0,1,8,1,0,1,8,1,3.2,8,1,5.2,8,1,9.8,8,1,5.8,8,1
2012/11/4,14.9,8,1,19.2,8,1,11.6,8,1,0,1,8,1,9.6,0,8,1,0,1,8,1,0,1,8,1,2.8,8,1,5.5,8,1,9.9,8,1,3.0,8,1
2012/11/5,13.5,8,1,16.0,8,1,10.7,8,1,0.0,0,8,1,0.1,0,8,1,0,1,8,1,0,1,8,1,2.1,8,1,3.7,8,1,6.9,8,1,10.0,8,1
2012/11/6,14.0,8,1,16.1,8,1,12.6,8,1,41.0,0,8,1,0.0,0,8,1,0,1,8,1,0,1,8,1,2.0,8,1,4.2,8,1,6.1,8,1,10.0,8,1
2012/11/7,16.5,8,1,20.3,8,1,12.9,8,1,0.0,0,8,1,7.9,0,8,1,0,1,8,1,0,1,5,1,1.9,8,1,4.7,8,1,7.7,8,1,3.8,8,1
2012/11/8,15.6,8,1,20.5,8,1,10.4,8,1,0,1,8,1,7.1,0,4,1,0,1,8,1,0,1,8,1,2.2,8,1,5.3,8,1,9.4,8,1,4.5,8,1
2012/11/9,16.5,8,1,20.6,8,1,14.4,8,1,0,1,8,1,3.5,0,4,1,0,1,8,1,0,1,8,1,3.5,8,1,6.1,8,1,11.8,8,1,8.0,8,1
2012/11/10,15.7,8,1,20.1,8,1,12.9,8,1,0,1,8,1,9.7,0,8,1,0,1,8,1,0,1,8,1,3.5,8,1,7.3,8,1,13.1,8,1,0.0,8,1
2012/11/11,13.2,8,1,15.1,8,1,11.5,8,1,14.0,0,8,1,0.2,0,8,1,0,1,8,1,0,1,8,1,1.9,8,1,3.8,8,1,5.9,8,1,9.8,8,1
2012/11/12,15.3,8,1,19.0,8,1,12.1,8,1,3.0,0,8,1,2.9,0,8,1,0,1,8,1,0,1,8,1,2.3,8,1,4.5,8,1,8.2,8,1,7.5,8,1
2012/11/13,14.9,8,1,18.0,8,1,12.3,8,1,0,1,8,1,3.5,0,8,1,0,1,8,1,0,1,8,1,2.1,8,1,4.8,8,1,8.1,8,1,4.8,8,1
2012/11/14,13.6,8,1,19.2,8,1,10.1,8,1,0.0,0,8,1,8.4,0,8,1,0,1,8,1,0,1,8,1,3.3,8,1,7.4,8,1,12.5,8,1,1.3,8,1
2012/11/15,11.7,8,1,16.3,8,1,8.0,8,1,0,1,8,1,8.6,0,8,1,0,1,8,1,0,1,8,1,3.5,8,1,5.9,8,1,9.7,8,1,5.8,8,1
2012/11/16,13.3,8,1,17.2,8,1,9.1,8,1,0,1,8,1,9.6,0,8,1,0,1,8,1,0,1,8,1,3.0,8,1,5.8,8,1,11.1,8,1,0.0,8,1
2012/11/17,13.7,8,1,17.2,8,1,10.1,8,1,60.5,0,8,1,0.0,0,8,1,0,1,8,1,0,1,8,1,3.6,8,1,6.9,8,1,14.8,8,1,10.0,8,1
2012/11/18,12.7,8,1,17.1,8,1,9.8,8,1,0,1,8,1,9.5,0,8,1,0,1,8,1,0,1,8,1,4.4,8,1,7.7,8,1,14.9,8,1,2.3,8,1
2012/11/19,8.6,8,1,9.9,8,1,6.6,8,1,0.0,0,8,1,0.4,0,8,1,0,1,8,1,0,1,8,1,2.3,8,1,4.3,8,1,7.0,8,1,7.5,8,1
2012/11/20,11.8,8,1,17.9,8,1,5.7,8,1,0,1,8,1,9.2,0,8,1,0,1,8,1,0,1,8,1,2.5,8,1,5.0,8,1,9.4,8,1,2.5,8,1
2012/11/21,11.4,8,1,15.0,8,1,8.9,8,1,0,1,8,1,9.2,0,8,1,0,1,8,1,0,1,8,1,3.5,8,1,7.1,8,1,11.8,8,1,5.0,8,1
2012/11/22,10.9,8,1,14.3,8,1,7.9,8,1,0.0,0,8,1,3.0,0,8,1,0,1,8,1,0,1,8,1,1.7,8,1,3.6,8,1,5.5,8,1,8.0,8,1
2012/11/23,10.3,8,1,13.3,8,1,7.9,8,1,5.0,0,8,1,0.0,0,8,1,0,1,8,1,0,1,8,1,1.9,8,1,3.6,8,1,6.8,8,1,9.8,8,1
2012/11/24,10.5,8,1,12.8,8,1,8.3,8,1,0.5,0,8,1,3.9,0,8,1,0,1,8,1,0,1,8,1,2.3,8,1,3.9,8,1,7.1,8,1,9.0,8,1
2012/11/25,9.4,8,1,12.4,8,1,6.1,8,1,0,1,8,1,8.8,0,8,1,0,1,8,1,0,1,8,1,2.2,8,1,4.5,8,1,6.9,8,1,5.0,8,1
2012/11/26,8.8,8,1,13.2,8,1,6.6,8,1,26.0,0,8,1,0.0,0,8,1,0,1,8,1,0,1,8,1,2.1,8,1,5.0,8,1,8.6,8,1,10.0,8,1
2012/11/27,11.0,8,1,13.7,8,1,7.2,8,1,0,1,8,1,9.1,0,8,1,0,1,8,1,0,1,8,1,4.0,8,1,8.0,8,1,16.8,8,1,3.0,8,1
2012/11/28,7.2,8,1,8.5,8,1,5.7,8,1,0.5,0,8,1,0.3,0,8,1,0,1,8,1,0,1,8,1,1.8,8,1,3.8,8,1,6.2,8,1,9.5,8,1
2012/11/29,10.1,8,1,16.0,8,1,4.4,8,1,3.5,0,8,1,5.9,0,8,1,0,1,8,1,0,1,8,1,1.7,8,1,3.5,8,1,5.8,8,1,5.8,8,1
2012/11/30,10.5,8,1,12.4,8,1,9.4,8,1,0,1,8,1,0.3,0,8,1,0,1,8,1,0,1,8,1,2.4,8,1,5.0,8,1,7.9,8,1,10.0,8,1
2012/12/1,7.3,8,1,10.4,8,1,5.1,8,1,0.0,0,8,1,2.5,0,8,1,0,1,8,1,0,1,8,1,2.5,8,1,7.2,8,1,13.0,8,1,3.3,8,1
2012/12/2,5.6,8,1,8.6,8,1,3.3,8,1,2.5,0,8,1,4.4,0,8,1,0,1,8,1,0,1,8,1,2.6,8,1,5.5,8,1,9.3,8,1,6.3,8,1
2012/12/3,6.7,8,1,9.2,8,1,3.4,8,1,1.0,0,8,1,0.0,0,8,1,0,1,8,1,0,1,8,1,3.6,8,1,5.7,8,1,10.2,8,1,10.0,8,1
2012/12/4,9.9,8,1,13.5,8,1,7.8,8,1,1.5,0,8,1,0.3,0,8,1,0,1,8,1,0,1,8,1,2.5,8,1,6.1,8,1,11.4,8,1,7.8,8,1
2012/12/5,9.8,8,1,13.7,8,1,4.7,8,1,0,1,8,1,7.6,0,8,1,0,1,8,1,0,1,8,1,2.4,8,1,6.5,8,1,11.7,8,1,5.0,8,1
2012/12/6,11.9,8,1,18.4,8,1,7.6,8,1,0.0,0,8,1,8.6,0,8,1,0,1,8,1,0,1,8,1,4.6,8,1,8.8,8,1,15.1,8,1,1.5,8,1
2012/12/7,8.4,8,1,12.8,8,1,5.6,8,1,0,1,8,1,8.5,0,8,1,0,1,8,1,0,1,8,1,2.6,8,1,5.1,8,1,8.1,8,1,1.0,8,1
2012/12/8,9.3,8,1,17.0,8,1,4.2,8,1,0,1,8,1,8.8,0,8,1,0,1,8,1,0,1,8,1,3.6,8,1,7.7,8,1,16.0,8,1,1.0,8,1
2012/12/9,6.6,8,1,10.8,8,1,2.8,8,1,0,1,8,1,8.5,0,8,1,0,1,8,1,0,1,8,1,4.2,8,1,7.4,8,1,13.0,8,1,1.5,8,1
2012/12/10,5.4,8,1,10.4,8,1,1.2,8,1,0,1,8,1,8.2,0,8,1,0,1,8,1,0,1,8,1,2.7,8,1,7.1,8,1,13.4,8,1,0.3,8,1
2012/12/11,6.7,8,1,12.0,8,1,1.5,8,1,0,1,8,1,8.7,0,8,1,0,1,8,1,0,1,8,1,1.6,8,1,3.4,8,1,6.0,8,1,0.3,8,1
2012/12/12,7.2,8,1,11.2,8,1,4.0,8,1,0,1,8,1,8.2,0,8,1,0,1,8,1,0,1,8,1,2.3,8,1,4.8,8,1,7.9,8,1,0.0,8,1
2012/12/13,7.1,8,1,11.9,8,1,2.7,8,1,0,1,8,1,9.0,0,8,1,0,1,8,1,0,1,8,1,3.4,8,1,7.5,8,1,12.8,8,1,0.0,8,1
2012/12/14,7.3,8,1,12.0,8,1,2.7,8,1,0,1,8,1,7.4,0,8,1,0,1,8,1,0,1,8,1,1.8,8,1,3.8,8,1,7.4,8,1,6.8,8,1
2012/12/15,7.2,8,1,9.1,8,1,5.5,8,1,2.0,0,8,1,0.0,0,8,1,0,1,8,1,0,1,8,1,1.5,8,1,2.9,8,1,4.8,8,1,10.0,8,1
2012/12/16,12.0,8,1,18.2,8,1,5.8,8,1,0.5,0,8,1,8.9,0,8,1,0,1,8,1,0,1,8,1,3.4,8,1,7.5,8,1,13.5,8,1,2.5,8,1
2012/12/17,7.9,8,1,9.5,8,1,6.2,8,1,1.5,0,8,1,0.0,0,8,1,0,1,8,1,0,1,8,1,2.9,8,1,5.4,8,1,9.6,8,1,10.0,8,1
2012/12/18,10.4,8,1,15.6,8,1,7.2,8,1,0.0,0,8,1,5.4,0,8,1,0,1,8,1,0,1,8,1,2.7,8,1,7.0,8,1,12.3,8,1,9.3,8,1
2012/12/19,6.1,8,1,9.0,8,1,4.0,8,1,0.0,0,8,1,6.4,0,8,1,0,1,8,1,0,1,8,1,4.9,8,1,8.3,8,1,17.2,8,1,4.8,8,1
2012/12/20,6.6,8,1,10.3,8,1,3.0,8,1,0,1,8,1,7.7,0,8,1,0,1,8,1,0,1,8,1,2.7,8,1,5.4,8,1,9.3,8,1,0.8,8,1
2012/12/21,6.8,8,1,9.8,8,1,2.3,8,1,0,1,8,1,3.9,0,8,1,0,1,8,1,0,1,8,1,2.0,8,1,4.5,8,1,8.1,8,1,7.0,8,1
2012/12/22,6.8,8,1,11.4,8,1,3.3,8,1,16.5,0,8,1,1.2,0,8,1,0,1,8,1,0,1,8,1,2.7,8,1,5.6,8,1,12.0,8,1,9.3,8,1
2012/12/23,7.1,8,1,10.0,8,1,4.3,8,1,0,1,8,1,0.6,0,8,1,0,1,8,1,0,1,8,1,3.2,8,1,7.4,8,1,13.9,8,1,7.3,8,1
2012/12/24,5.1,8,1,8.3,8,1,3.2,8,1,0,1,8,1,8.6,0,8,1,0,1,8,1,0,1,8,1,3.0,8,1,6.4,8,1,12.1,8,1,2.3,8,1
2012/12/25,4.5,8,1,9.7,8,1,0.1,8,1,0,1,8,1,9.0,0,8,1,0,1,8,1,0,1,8,1,1.5,8,1,3.1,8,1,5.1,8,1,1.3,8,1
2012/12/26,4.4,8,1,7.5,8,1,1.3,8,1,0,1,8,1,8.9,0,8,1,0,1,8,1,0,1,8,1,4.2,8,1,7.6,8,1,14.4,8,1,0.8,8,1
2012/12/27,3.9,8,1,7.4,8,1,0.8,8,1,0,1,8,1,8.8,0,8,1,0,1,8,1,0,1,8,1,2.8,8,1,6.8,8,1,12.9,8,1,1.8,8,1
2012/12/28,4.2,8,1,7.4,8,1,0.5,8,1,2.5,0,8,1,0.0,0,8,1,0,1,8,1,0,1,8,1,1.8,8,1,4.1,8,1,6.9,8,1,7.5,8,1
2012/12/29,7.5,8,1,11.5,8,1,3.6,8,1,1.0,0,8,1,6.3,0,8,1,0,1,8,1,0,1,8,1,2.9,8,1,5.4,8,1,9.9,8,1,9.3,8,1
2012/12/30,7.2,8,1,8.7,8,1,6.0,8,1,40.0,0,8,1,0.0,0,8,1,0,1,8,1,0,1,8,1,2.1,8,1,4.7,8,1,9.1,8,1,10.0,8,1
2012/12/31,8.8,8,1,11.3,8,1,4.6,8,1,0.0,0,8,1,0.5,0,8,1,0,1,8,1,0,1,8,1,2.8,8,1,5.9,8,1,14.6,8,1,7.0,8,1
2013/1/1,6.5,8,1,9.6,8,1,3.0,8,1,0,1,8,1,8.9,0,8,1,0,1,8,1,0,1,8,1,2.4,8,1,4.0,8,1,7.1,8,1,2.5,8,1
2013/1/2,10.0,8,1,14.4,8,1,4.2,8,1,0,1,8,1,8.8,0,8,1,0,1,8,1,0,1,8,1,4.5,8,1,8.8,8,1,17.0,8,1,0.0,8,1
2013/1/3,5.6,8,1,9.9,8,1,1.8,8,1,0,1,8,1,6.1,0,8,1,0,1,8,1,0,1,8,1,3.6,8,1,7.5,8,1,14.0,8,1,5.5,8,1
2013/1/4,3.2,8,1,6.9,8,1,1.0,8,1,0,1,8,1,9.0,0,8,1,0,1,8,1,0,1,8,1,4.6,8,1,9.4,8,1,16.5,8,1,0.3,8,1
2013/1/5,2.8,8,1,4.8,8,1,0.2,8,1,0,1,8,1,0.9,0,8,1,0,1,8,1,0,1,8,1,2.2,8,1,5.0,8,1,9.6,8,1,6.8,8,1
2013/1/6,4.7,8,1,10.3,8,1,-1.4,8,1,0,1,8,1,5.3,0,8,1,0,1,8,1,0,1,8,1,2.0,8,1,4.9,8,1,7.5,8,1,6.3,8,1
2013/1/7,5.5,8,1,8.9,8,1,2.1,8,1,0,1,8,1,4.4,0,8,1,0,1,8,1,0,1,8,1,1.9,8,1,3.5,8,1,7.1,8,1,4.8,8,1
2013/1/8,6.6,8,1,11.4,8,1,2.6,8,1,0,1,8,1,7.6,0,8,1,0,1,8,1,0,1,8,1,2.3,8,1,4.1,8,1,6.6,8,1,3.8,8,1
2013/1/9,6.7,8,1,9.4,8,1,4.4,8,1,0,1,8,1,6.0,0,8,1,0,1,8,1,0,1,8,1,2.0,8,1,3.7,8,1,6.1,8,1,7.3,8,1
2013/1/10,5.5,8,1,9.1,8,1,2.9,8,1,0,1,8,1,7.3,0,8,1,0,1,8,1,0,1,8,1,2.4,8,1,5.7,8,1,10.2,8,1,3.8,8,1
2013/1/11,5.1,8,1,8.9,8,1,2.6,8,1,0,1,8,1,9.0,0,8,1,0,1,8,1,0,1,8,1,3.1,8,1,7.0,8,1,11.8,8,1,0.8,8,1
2013/1/12,4.6,8,1,8.8,8,1,1.2,8,1,0,1,8,1,6.2,0,8,1,0,1,8,1,0,1,8,1,2.0,8,1,4.1,8,1,6.2,8,1,4.5,8,1
2013/1/13,7.6,8,1,13.5,8,1,1.1,8,1,0,1,8,1,8.4,0,8,1,0,1,8,1,0,1,8,1,1.3,8,1,4.3,8,1,6.1,8,1,4.3,8,1
2013/1/14,3.5,8,1,10.0,8,1,0.7,8,1,64.0,0,8,1,0.0,0,8,1,8,0,8,1,8,0,8,1,4.1,8,1,9.0,8,1,16.2,8,1,10.0,8,1
2013/1/15,4.4,8,1,7.2,8,1,0.8,8,1,0,1,8,1,8.1,0,8,1,7,0,8,1,0,1,8,1,3.7,8,1,7.2,8,1,13.4,8,1,3.5,8,1
2013/1/16,3.6,8,1,6.0,8,1,1.8,8,1,0,1,8,1,2.8,0,8,1,5,0,8,1,0,1,8,1,2.0,8,1,4.5,8,1,7.7,8,1,6.5,8,1
2013/1/17,4.3,8,1,8.3,8,1,-0.2,8,1,0,1,8,1,7.8,0,8,1,4,0,8,1,0,1,8,1,2.6,8,1,5.6,8,1,9.4,8,1,5.5,8,1
2013/1/18,3.3,8,1,6.2,8,1,0.3,8,1,0,1,8,1,9.3,0,8,1,2,0,8,1,0,1,8,1,3.7,8,1,8.2,8,1,15.5,8,1,0.0,8,1
2013/1/19,5.2,8,1,9.8,8,1,-0.3,8,1,0,1,8,1,9.3,0,8,1,1,0,8,1,0,1,8,1,2.4,8,1,4.3,8,1,6.7,8,1,0.3,8,1
2013/1/20,6.1,8,1,10.4,8,1,1.8,8,1,0,1,8,1,9.0,0,8,1,0,1,8,1,0,1,8,1,4.1,8,1,9.0,8,1,17.8,8,1,2.5,8,1
2013/1/21,6.5,8,1,9.4,8,1,2.7,8,1,0.0,0,8,1,6.8,0,8,1,0,1,8,1,0,1,8,1,2.2,5,1,5.1,8,1,7.4,8,1,8.0,8,1
2013/1/22,6.2,8,1,9.3,8,1,3.5,8,1,3.0,0,8,1,2.6,0,8,1,0,1,8,1,0,1,8,1,2.5,8,1,5.0,8,1,9.5,8,1,6.8,8,1
2013/1/23,6.5,8,1,9.5,8,1,3.9,8,1,0.5,0,8,1,4.1,0,8,1,0,1,8,1,0,1,8,1,2.6,8,1,5.4,8,1,8.6,8,1,7.5,8,1
2013/1/24,6.0,8,1,9.8,8,1,2.5,8,1,2.5,0,8,1,4.7,0,8,1,0,1,8,1,0,1,8,1,2.5,8,1,4.4,8,1,7.5,8,1,6.0,8,1
2013/1/25,6.8,8,1,13.4,8,1,2.8,8,1,0,1,8,1,6.4,0,8,1,0,1,8,1,0,1,8,1,2.9,8,1,6.6,8,1,12.1,8,1,1.8,8,1
2013/1/26,3.8,8,1,7.4,8,1,0.9,8,1,0,1,8,1,7.6,0,8,1,0,1,8,1,0,1,8,1,3.6,8,1,6.6,8,1,13.3,8,1,1.8,8,1
2013/1/27,4.8,8,1,9.4,8,1,0.8,8,1,0,1,8,1,9.6,0,8,1,0,1,8,1,0,1,8,1,2.9,8,1,6.5,8,1,13.8,8,1,0.5,8,1
2013/1/28,5.4,8,1,10.5,8,1,1.4,8,1,0.0,0,8,1,8.1,0,8,1,0,1,8,1,0,1,8,1,3.8,8,1,8.5,8,1,14.8,8,1,4.0,8,1
2013/1/29,7.1,8,1,12.4,8,1,2.1,8,1,0,1,8,1,9.5,0,8,1,0,1,8,1,0,1,8,1,3.1,8,1,6.3,8,1,11.5,8,1,1.8,8,1
2013/1/30,8.1,8,1,13.6,8,1,3.9,8,1,0,1,8,1,9.6,0,8,1,0,1,8,1,0,1,8,1,3.5,8,1,7.4,8,1,12.5,8,1,0.5,8,1
2013/1/31,5.8,8,1,9.6,8,1,2.1,8,1,0,1,8,1,9.3,0,8,1,0,1,8,1,0,1,8,1,2.0,8,1,3.7,8,1,6.8,8,1,2.8,8,1
2013/2/1,7.9,8,1,12.6,8,1,2.3,8,1,0.0,0,8,1,6.4,0,8,1,0,1,8,1,0,1,8,1,2.4,8,1,6.0,8,1,9.3,8,1,7.0,8,1
2013/2/2,15.6,8,1,20.9,8,1,12.0,8,1,0.0,0,8,1,4.2,0,8,1,0,1,8,1,0,1,8,1,4.1,8,1,7.2,8,1,15.4,8,1,6.8,8,1
2013/2/3,9.9,8,1,13.2,8,1,6.7,8,1,0,1,8,1,9.6,0,8,1,0,1,8,1,0,1,8,1,3.8,8,1,7.0,8,1,14.2,8,1,5.3,8,1
2013/2/4,10.1,8,1,14.8,8,1,6.3,8,1,0.0,0,8,1,5.2,0,8,1,0,1,8,1,0,1,8,1,2.7,8,1,5.9,8,1,10.4,8,1,6.3,8,1
2013/2/5,9.5,8,1,12.4,8,1,6.1,8,1,0.0,0,8,1,5.6,0,8,1,0,1,8,1,0,1,8,1,3.9,8,1,7.8,8,1,15.1,8,1,7.3,8,1
2013/2/6,3.4,8,1,9.0,8,1,1.6,8,1,16.0,0,8,1,0.0,0,8,1,0,1,8,1,0,1,8,1,3.4,8,1,6.4,8,1,10.6,8,1,8.3,8,1
2013/2/7,7.1,8,1,12.7,8,1,3.2,8,1,0.0,0,8,1,6.6,0,8,1,0,1,8,1,0,1,8,1,1.8,8,1,4.0,8,1,5.5,8,1,9.8,8,1
2013/2/8,4.7,8,1,7.1,8,1,1.9,8,1,0,1,8,1,4.4,0,8,1,0,1,8,1,0,1,8,1,5.0,8,1,10.2,8,1,21.5,8,1,6.5,8,1
2013/2/9,4.4,8,1,8.4,8,1,1.4,8,1,0,1,8,1,8.9,0,8,1,0,1,8,1,0,1,8,1,3.9,8,1,7.6,8,1,14.1,8,1,9.5,8,1
2013/2/10,5.4,8,1,10.4,8,1,1.3,8,1,0,1,8,1,9.8,0,8,1,0,1,8,1,0,1,8,1,2.2,8,1,4.1,8,1,7.3,8,1,2.5,8,1
2013/2/11,5.0,8,1,9.3,8,1,2.2,8,1,0,1,8,1,9.2,0,8,1,0,1,8,1,0,1,8,1,3.4,8,1,7.2,8,1,13.9,8,1,0.8,8,1
2013/2/12,4.1,8,1,6.9,8,1,0.9,8,1,0.0,0,8,1,0.9,0,8,1,0,1,8,1,0,1,8,1,2.6,8,1,6.1,8,1,13.5,8,1,7.5,8,1
2013/2/13,6.7,8,1,12.3,8,1,1.1,8,1,8.5,0,8,1,9.9,0,8,1,0,1,8,1,0,1,8,1,4.1,8,1,10.4,8,1,21.1,8,1,2.5,8,1
2013/2/14,7.3,8,1,9.9,8,1,5.0,8,1,0,1,8,1,2.6,0,8,1,0,1,8,1,0,1,8,1,1.8,8,1,3.3,8,1,5.6,8,1,9.8,8,1
2013/2/15,5.4,8,1,8.3,8,1,3.5,8,1,3.0,0,8,1,0.0,0,8,1,0,1,8,1,0,1,8,1,2.5,8,1,5.0,8,1,9.6,8,1,10.0,8,1
2013/2/16,3.1,8,1,6.0,8,1,0.4,8,1,0,1,8,1,10.0,0,8,1,0,1,8,1,0,1,8,1,6.1,8,1,12.6,8,1,21.2,8,1,0.8,8,1
2013/2/17,4.1,8,1,8.0,8,1,0.3,8,1,0,1,8,1,7.7,0,8,1,0,1,8,1,0,1,8,1,3.4,8,1,7.8,8,1,14.8,8,1,5.0,8,1
2013/2/18,5.2,8,1,8.9,8,1,1.8,8,1,0.0,0,8,1,0.0,0,8,1,0,1,8,1,0,1,8,1,2.0,8,1,4.2,8,1,6.3,8,1,9.3,8,1
2013/2/19,5.5,8,1,8.9,8,1,2.7,8,1,0.5,0,8,1,0.0,0,8,1,0,1,8,1,0,1,8,1,5.2,8,1,8.4,8,1,17.0,8,1,10.0,8,1
2013/2/20,4.4,8,1,8.9,8,1,1.6,8,1,0,1,8,1,7.0,0,8,1,0,1,8,1,0,1,8,1,4.0,8,1,8.0,8,1,14.8,8,1,4.5,8,1
2013/2/21,4.5,8,1,9.0,8,1,0.9,8,1,0,1,8,1,7.2,0,8,1,0,1,8,1,0,1,8,1,3.1,8,1,6.2,8,1,12.1,8,1,3.5,8,1
2013/2/22,5.5,8,1,8.7,8,1,1.3,8,1,0,1,8,1,8.2,0,8,1,0,1,8,1,0,1,8,1,2.7,8,1,5.0,8,1,8.5,8,1,6.3,8,1
2013/2/23,6.2,8,1,10.1,8,1,3.2,8,1,0,1,8,1,9.3,0,8,1,0,1,8,1,0,1,8,1,3.2,8,1,6.7,8,1,12.4,8,1,3.0,8,1
2013/2/24,3.6,8,1,8.1,8,1,0.1,8,1,0,1,8,1,10.6,0,8,1,0,1,8,1,0,1,8,1,4.5,8,1,9.7,8,1,17.7,8,1,0.0,8,1
2013/2/25,3.0,8,1,8.5,8,1,-0.5,8,1,0,1,8,1,10.7,0,8,1,0,1,8,1,0,1,8,1,3.7,8,1,7.5,8,1,13.7,8,1,0.3,8,1
2013/2/26,5.5,8,1,9.0,8,1,1.3,8,1,0,1,8,1,10.2,0,8,1,0,1,8,1,0,1,8,1,3.0,8,1,6.1,8,1,10.4,8,1,2.5,8,1
2013/2/27,5.5,8,1,9.1,8,1,2.6,8,1,2.0,0,8,1,0.3,0,8,1,0,1,8,1,0,1,8,1,2.1,8,1,4.5,8,1,7.4,8,1,7.5,8,1
2013/2/28,9.9,8,1,15.7,8,1,4.1,8,1,0,1,8,1,9.2,0,8,1,0,1,8,1,0,1,8,1,2.5,8,1,5.5,8,1,9.5,8,1,5.0,8,1
2013/3/1,13.6,8,1,17.6,8,1,7.9,8,1,16.5,0,8,1,1.3,0,8,1,0,1,8,1,0,1,8,1,4.3,8,1,9.4,8,1,17.2,8,1,10.0,8,1
2013/3/2,8.7,8,1,12.0,8,1,4.8,8,1,0.0,0,8,1,9.5,0,8,1,0,1,8,1,0,1,8,1,6.2,8,1,10.4,8,1,20.8,8,1,2.8,8,1
2013/3/3,6.8,8,1,9.7,8,1,3.7,8,1,0.0,0,8,1,4.3,0,8,1,0,1,8,1,0,1,8,1,3.5,8,1,6.9,8,1,12.0,8,1,7.3,8,1
2013/3/4,6.4,8,1,9.4,8,1,4.2,8,1,0.5,0,8,1,2.0,0,8,1,0,1,8,1,0,1,8,1,2.8,8,1,4.9,8,1,9.6,8,1,9.5,8,1
2013/3/5,8.4,8,1,13.7,8,1,3.2,8,1,0.0,0,8,1,10.8,0,8,1,0,1,8,1,0,1,8,1,2.7,5,1,5.1,5,1,8.9,5,1,2.0,8,1
2013/3/6,11.0,8,1,16.4,8,1,4.5,8,1,0,1,8,1,10.2,0,5,1,0,1,8,1,0,1,8,1,1.9,4,1,3.8,4,1,7.3,4,1,0.0,8,1
2013/3/7,13.5,8,1,18.7,8,1,7.1,8,1,0,1,8,1,6.5,0,8,1,0,1,8,1,0,1,8,1,3.2,8,1,7.1,8,1,13.2,8,1,5.5,8,1
2013/3/8,17.7,8,1,23.2,8,1,10.8,8,1,0,1,8,1,8.3,0,8,1,0,1,8,1,0,1,8,1,3.1,8,1,8.5,8,1,14.4,8,1,4.8,8,1
2013/3/9,16.7,8,1,22.3,8,1,11.6,8,1,0,1,8,1,10.6,0,8,1,0,1,8,1,0,1,8,1,2.8,8,1,5.5,8,1,8.5,8,1,0.0,8,1
2013/3/10,13.6,8,1,25.3,8,1,5.7,8,1,0.0,0,8,1,5.4,0,8,1,0,1,8,1,0,1,8,1,5.0,8,1,11.5,8,1,19.5,8,1,5.3,8,1
2013/3/11,7.9,8,1,12.4,8,1,3.8,8,1,0,1,8,1,11.3,0,8,1,0,1,8,1,0,1,8,1,4.4,8,1,9.2,8,1,19.1,8,1,2.5,8,1
2013/3/12,10.7,8,1,15.7,8,1,4.0,8,1,0,1,8,1,11.0,0,8,1,0,1,8,1,0,1,8,1,3.2,8,1,6.0,8,1,10.9,8,1,2.0,8,1
2013/3/13,17.2,8,1,21.2,8,1,13.1,8,1,4.5,0,8,1,9.1,0,8,1,0,1,8,1,0,1,8,1,7.5,8,1,14.5,8,1,27.4,8,1,9.3,8,1
2013/3/14,8.3,8,1,14.3,8,1,5.9,8,1,7.5,0,8,1,2.3,0,8,1,0,1,8,1,0,1,8,1,3.8,8,1,8.5,8,1,17.2,8,1,8.0,8,1
2013/3/15,9.2,8,1,13.8,8,1,4.6,8,1,0,1,8,1,10.3,0,8,1,0,1,8,1,0,1,8,1,2.7,8,1,5.8,8,1,9.4,8,1,5.5,8,1
2013/3/16,12.5,8,1,17.8,8,1,7.1,8,1,0,1,8,1,10.5,0,8,1,0,1,8,1,0,1,8,1,2.7,8,1,7.9,8,1,13.6,8,1,0.0,8,1
2013/3/17,12.9,8,1,16.5,8,1,8.5,8,1,0,1,8,1,10.1,0,8,1,0,1,8,1,0,1,8,1,4.3,8,1,9.5,8,1,15.0,8,1,3.5,8,1
2013/3/18,18.3,8,1,20.7,8,1,14.5,8,1,0.5,0,8,1,3.1,0,8,1,0,1,8,1,0,1,8,1,7.4,8,1,12.7,8,1,22.9,8,1,10.0,8,1
2013/3/19,19.7,8,1,25.0,8,1,15.5,8,1,1.5,0,8,1,10.5,0,8,1,0,1,8,1,0,1,8,1,3.3,8,1,10.3,8,1,18.9,8,1,6.0,8,1
2013/3/20,17.4,8,1,20.8,8,1,15.1,8,1,1.5,0,8,1,4.7,0,8,1,0,1,8,1,0,1,8,1,3.4,8,1,7.3,8,1,14.3,8,1,9.5,8,1
2013/3/21,11.7,8,1,16.2,8,1,7.7,8,1,0,1,8,1,11.3,0,8,1,0,1,8,1,0,1,8,1,4.5,8,1,9.1,8,1,19.1,8,1,0.8,8,1
2013/3/22,13.2,8,1,18.6,8,1,7.2,8,1,0.0,0,8,1,7.8,0,8,1,0,1,8,1,0,1,8,1,2.9,8,1,6.3,8,1,9.8,8,1,7.3,8,1
2013/3/23,13.7,8,1,17.7,8,1,11.4,8,1,0.0,0,8,1,6.2,0,8,1,0,1,8,1,0,1,8,1,3.0,8,1,6.7,8,1,12.4,8,1,7.0,8,1
2013/3/24,11.0,8,1,13.3,8,1,9.2,8,1,0.0,0,8,1,0.8,0,8,1,0,1,8,1,0,1,8,1,2.3,8,1,4.3,8,1,7.8,8,1,10.0,8,1
2013/3/25,9.8,8,1,11.2,8,1,6.7,8,1,5.0,0,8,1,0.0,0,8,1,0,1,8,1,0,1,8,1,2.9,8,1,6.3,8,1,14.5,8,1,10.0,8,1
2013/3/26,9.4,8,1,13.2,8,1,5.5,8,1,0.0,0,8,1,5.4,0,8,1,0,1,8,1,0,1,8,1,3.8,8,1,7.9,8,1,14.8,8,1,9.8,8,1
2013/3/27,8.3,8,1,10.1,8,1,6.4,8,1,5.0,0,8,1,0.0,0,8,1,0,1,8,1,0,1,8,1,2.6,8,1,5.1,8,1,7.1,8,1,10.0,8,1
2013/3/28,15.0,8,1,20.5,8,1,9.6,8,1,0,1,8,1,5.9,0,8,1,0,1,8,1,0,1,8,1,1.9,8,1,5.6,8,1,8.7,8,1,10.0,8,1
2013/3/29,16.0,8,1,20.5,8,1,12.3,8,1,0.0,0,8,1,0.9,0,8,1,0,1,8,1,0,1,8,1,2.6,8,1,6.1,8,1,12.7,8,1,9.8,8,1
2013/3/30,9.0,8,1,12.6,8,1,7.6,8,1,0.0,0,8,1,0.0,0,8,1,0,1,8,1,0,1,8,1,3.1,8,1,5.2,8,1,11.8,8,1,10.0,8,1
2013/3/31,7.4,8,1,8.3,8,1,6.7,8,1,2.0,0,8,1,0.0,0,8,1,0,1,8,1,0,1,8,1,2.2,8,1,4.0,8,1,7.9,8,1,10.0,8,1
2013/4/1,11.2,8,1,15.2,8,1,6.9,8,1,0.0,0,8,1,7.9,0,8,1,0,1,8,1,0,1,8,1,2.7,8,1,7.2,8,1,11.4,8,1,8.0,8,1
2013/4/2,10.6,8,1,12.6,8,1,8.3,8,1,53.5,0,8,1,0.0,0,8,1,0,1,8,1,0,1,8,1,2.3,8,1,4.2,8,1,7.1,8,1,10.0,8,1
2013/4/3,13.7,8,1,16.6,8,1,11.3,8,1,60.0,0,8,1,0.3,0,8,1,0,1,8,1,0,1,8,1,5.1,8,1,9.4,8,1,20.6,8,1,7.5,8,1
2013/4/4,17.2,8,1,21.4,8,1,10.8,8,1,0,1,8,1,9.0,0,8,1,0,1,8,1,0,1,8,1,3.2,8,1,7.7,8,1,13.2,8,1,5.8,8,1
2013/4/5,18.1,8,1,22.5,8,1,13.5,8,1,0.0,0,8,1,8.9,0,8,1,0,1,8,1,0,1,8,1,3.1,8,1,7.2,8,1,12.3,8,1,7.0,8,1
2013/4/6,17.4,8,1,20.7,8,1,15.3,8,1,99.5,0,8,1,0.4,0,8,1,0,1,8,1,0,1,8,1,3.7,8,1,8.8,8,1,15.3,8,1,9.5,8,1
2013/4/7,17.7,8,1,23.1,8,1,11.9,8,1,9.5,0,8,1,9.2,0,8,1,0,1,8,1,0,1,8,1,5.4,8,1,12.0,8,1,25.0,8,1,4.8,8,1
2013/4/8,14.7,8,1,20.2,8,1,10.5,8,1,0,1,8,1,11.7,0,8,1,0,1,8,1,0,1,8,1,3.9,8,1,8.7,8,1,16.1,8,1,0.0,8,1
2013/4/9,16.9,8,1,21.7,8,1,10.7,8,1,0,1,8,1,8.9,0,8,1,0,1,8,1,0,1,8,1,4.2,8,1,10.2,8,1,17.3,8,1,3.0,8,1
2013/4/10,13.6,8,1,17.9,8,1,8.0,8,1,0,1,8,1,2.9,0,8,1,0,1,8,1,0,1,8,1,3.4,8,1,7.1,8,1,11.0,8,1,8.0,8,1
2013/4/11,9.7,8,1,13.6,8,1,6.0,8,1,0.5,0,8,1,5.9,0,8,1,0,1,8,1,0,1,8,1,2.7,8,1,5.4,8,1,9.2,8,1,4.8,8,1
2013/4/12,11.4,8,1,15.7,8,1,6.5,8,1,0.0,0,8,1,9.2,0,8,1,0,1,8,1,0,1,8,1,2.9,8,1,7.3,8,1,13.6,8,1,2.3,8,1
2013/4/13,12.3,8,1,16.2,8,1,7.4,8,1,0,1,8,1,11.7,0,8,1,0,1,8,1,0,1,8,1,3.1,8,1,6.9,8,1,11.4,8,1,0.5,8,1
2013/4/14,16.6,8,1,20.6,8,1,10.0,8,1,0,1,8,1,6.7,0,8,1,0,1,8,1,0,1,8,1,5.8,8,1,11.5,8,1,21.4,8,1,8.0,8,1
2013/4/15,17.2,8,1,22.6,8,1,12.7,8,1,0,1,8,1,11.0,0,8,1,0,1,8,1,0,1,8,1,3.9,8,1,7.0,8,1,13.7,8,1,5.0,8,1
2013/4/16,16.4,8,1,21.4,8,1,11.4,8,1,0,1,8,1,10.1,0,8,1,0,1,8,1,0,1,8,1,3.1,8,1,6.8,8,1,10.7,8,1,4.0,8,1
2013/4/17,20.9,8,1,23.3,8,1,16.4,8,1,0,1,8,1,0.3,0,8,1,0,1,8,1,0,1,8,1,5.6,8,1,10.4,8,1,19.2,8,1,8.0,8,1
2013/4/18,19.9,8,1,23.4,8,1,16.2,8,1,0,1,8,1,10.0,0,8,1,0,1,8,1,0,1,8,1,4.9,8,1,8.6,8,1,15.7,8,1,0.3,8,1
2013/4/19,14.5,8,1,19.9,8,1,10.2,8,1,0.0,0,8,1,0.4,0,8,1,0,1,8,1,0,1,8,1,4.0,8,1,6.9,8,1,13.2,8,1,10.0,8,1
2013/4/20,9.2,8,1,11.5,8,1,6.0,8,1,7.5,0,8,1,0.0,0,8,1,0,1,8,1,0,1,8,1,2.7,8,1,5.5,8,1,10.2,8,1,10.0,8,1
2013/4/21,7.4,8,1,10.2,8,1,5.3,8,1,23.5,0,8,1,0.0,0,8,1,0,1,8,1,0,1,8,1,3.9,8,1,6.8,8,1,13.4,8,1,10.0,8,1
2013/4/22,11.8,8,1,17.3,8,1,6.8,8,1,0,1,8,1,10.8,0,8,1,0,1,8,1,0,1,8,1,4.2,8,1,8.4,8,1,15.6,8,1,3.5,8,1
2013/4/23,14.3,8,1,18.7,8,1,7.9,8,1,0,1,8,1,9.0,0,8,1,0,1,8,1,0,1,8,1,3.0,8,1,5.9,8,1,10.9,8,1,5.5,8,1
2013/4/24,16.8,8,1,18.0,8,1,15.5,8,1,25.5,0,8,1,0.0,0,8,1,0,1,8,1,0,1,8,1,5.1,8,1,8.0,8,1,14.6,8,1,10.0,8,1
2013/4/25,18.0,8,1,22.8,8,1,13.4,8,1,3.5,0,8,1,7.4,0,8,1,0,1,8,1,0,1,8,1,4.1,8,1,6.7,8,1,13.3,8,1,10.0,8,1
2013/4/26,17.5,8,1,22.6,8,1,12.3,8,1,0.0,0,8,1,9.8,0,8,1,0,1,8,1,0,1,8,1,4.2,8,1,9.7,8,1,18.3,8,1,5.5,8,1
2013/4/27,15.8,8,1,21.2,8,1,11.2,8,1,0,1,8,1,10.8,0,8,1,0,1,8,1,0,1,8,1,3.9,8,1,7.6,8,1,15.0,8,1,0.8,8,1
2013/4/28,16.8,8,1,20.5,8,1,12.8,8,1,0,1,8,1,12.6,0,8,1,0,1,8,1,0,1,8,1,3.5,8,1,6.6,8,1,13.9,8,1,0.0,8,1
2013/4/29,17.9,8,1,21.7,8,1,12.1,8,1,0,1,8,1,10.3,0,8,1,0,1,8,1,0,1,8,1,2.9,8,1,6.1,8,1,9.3,8,1,4.8,8,1
2013/4/30,19.6,8,1,21.9,8,1,15.9,8,1,0.0,0,8,1,0.8,0,8,1,0,1,8,1,0,1,8,1,5.8,8,1,9.3,8,1,16.5,8,1,10.0,8,1
2013/5/1,14.5,8,1,18.7,8,1,12.0,8,1,5.0,0,8,1,2.4,0,8,1,0,1,8,1,0,1,8,1,3.2,8,1,5.0,8,1,11.9,8,1,10.0,8,1
2013/5/2,14.6,8,1,19.7,8,1,10.6,8,1,4.5,0,8,1,4.4,0,8,1,0,1,8,1,0,1,8,1,3.6,8,1,6.2,8,1,11.3,8,1,9.8,8,1
2013/5/3,14.8,8,1,19.1,8,1,11.1,8,1,0,1,8,1,7.9,0,8,1,0,1,8,1,0,1,8,1,3.1,8,1,6.2,8,1,9.8,8,1,3.5,8,1
2013/5/4,16.2,8,1,20.3,8,1,11.3,8,1,0,1,8,1,10.4,0,8,1,0,1,8,1,0,1,8,1,2.6,8,1,5.9,8,1,8.6,8,1,2.3,8,1
2013/5/5,18.1,8,1,22.9,8,1,14.1,8,1,0,1,8,1,11.9,0,8,1,0,1,8,1,0,1,8,1,3.3,8,1,6.6,8,1,10.1,8,1,2.0,8,1
2013/5/6,20.1,8,1,25.3,8,1,14.5,8,1,0.0,0,8,1,10.9,0,8,1,0,1,8,1,0,1,8,1,3.5,8,1,8.2,8,1,13.8,8,1,2.3,8,1
2013/5/7,15.5,8,1,20.4,8,1,10.7,8,1,0,1,8,1,12.9,0,8,1,0,1,8,1,0,1,8,1,6.5,8,1,10.8,8,1,20.2,8,1,0.5,8,1
2013/5/8,17.3,8,1,23.7,8,1,10.5,8,1,0,1,8,1,12.6,0,8,1,0,1,8,1,0,1,8,1,3.5,8,1,6.4,8,1,12.4,8,1,0.0,8,1
2013/5/9,19.5,8,1,24.8,8,1,14.4,8,1,0,1,8,1,12.5,0,8,1,0,1,8,1,0,1,8,1,2.8,8,1,6.2,8,1,10.0,8,1,0.0,8,1
2013/5/10,22.4,8,1,28.5,8,1,16.2,8,1,0.0,0,8,1,7.8,0,8,1,0,1,8,1,0,1,8,1,2.9,8,1,7.8,8,1,14.9,8,1,7.5,8,1
2013/5/11,18.9,8,1,20.8,8,1,17.3,8,1,20.0,0,8,1,0.0,0,8,1,0,1,8,1,0,1,8,1,2.3,8,1,7.3,8,1,12.6,8,1,9.5,8,1
2013/5/12,19.9,8,1,25.3,8,1,16.4,8,1,4.0,0,8,1,10.2,0,8,1,0,1,8,1,0,1,8,1,3.2,8,1,6.2,8,1,9.2,8,1,8.5,8,1
2013/5/13,19.2,8,1,23.7,8,1,15.8,8,1,0.0,0,8,1,2.7,0,8,1,0,1,8,1,0,1,8,1,3.4,8,1,7.4,8,1,13.2,8,1,9.5,8,1
2013/5/14,22.8,8,1,27.8,8,1,17.7,8,1,0,1,8,1,11.4,0,8,1,0,1,8,1,0,1,8,1,2.4,8,1,5.0,8,1,8.6,8,1,0.3,8,1
2013/5/15,20.7,8,1,25.5,8,1,16.9,8,1,0,1,8,1,9.8,0,8,1,0,1,8,1,0,1,8,1,4.4,8,1,8.5,8,1,14.1,8,1,6.0,8,1
2013/5/16,20.5,8,1,26.7,8,1,15.2,8,1,2.0,0,8,1,7.1,0,8,1,0,1,8,1,0,1,8,1,3.0,8,1,5.5,8,1,10.5,8,1,9.0,8,1
2013/5/17,18.0,8,1,23.6,8,1,12.9,8,1,0,1,8,1,12.8,0,8,1,0,1,8,1,0,1,8,1,3.0,8,1,5.5,8,1,9.5,8,1,0.8,8,1
2013/5/18,19.9,8,1,24.5,8,1,16.1,8,1,0,1,8,1,7.7,0,8,1,0,1,8,1,0,1,8,1,3.9,8,1,8.4,8,1,13.8,8,1,8.0,8,1
2013/5/19,20.1,8,1,23.4,8,1,16.8,8,1,4.5,0,8,1,6.6,0,4,1,0,1,8,1,0,1,8,1,4.6,8,1,8.1,8,1,13.6,8,1,10.0,8,1
2013/5/20,19.1,8,1,21.0,8,1,16.8,8,1,12.0,0,8,1,0.0,0,8,1,0,1,8,1,0,1,8,1,1.5,8,1,3.8,8,1,5.3,8,1,10.0,8,1
2013/5/21,23.2,8,1,26.5,8,1,20.2,8,1,0.5,0,8,1,3.9,0,4,1,0,1,8,1,0,1,8,1,2.6,5,1,6.0,5,1,10.0,5,1,8.3,8,1
2013/5/22,22.3,8,1,26.6,8,1,19.0,8,1,0,1,8,1,10.9,0,8,1,0,1,8,1,0,1,8,1,2.8,8,1,6.5,8,1,9.8,8,1,1.8,8,1
2013/5/23,22.5,8,1,26.2,8,1,19.9,8,1,0,1,8,1,10.2,0,8,1,0,1,8,1,0,1,8,1,3.1,8,1,7.0,8,1,9.8,8,1,3.3,8,1
2013/5/24,22.2,8,1,28.2,8,1,15.7,8,1,0,1,8,1,13.0,0,8,1,0,1,8,1,0,1,8,1,3.4,8,1,6.7,8,1,11.0,8,1,0.5,8,1
2013/5/25,18.2,8,1,22.9,8,1,14.2,8,1,0.0,0,8,1,3.5,0,8,1,0,1,8,1,0,1,8,1,3.1,8,1,5.9,8,1,9.0,8,1,10.0,8,1
2013/5/26,21.7,8,1,26.6,8,1,18.8,8,1,0.0,0,8,1,5.1,0,8,1,0,1,8,1,0,1,8,1,2.9,8,1,6.2,8,1,9.5,8,1,8.0,8,1
2013/5/27,22.3,8,1,26.1,8,1,19.8,8,1,0,1,8,1,6.7,0,8,1,0,1,8,1,0,1,8,1,3.4,8,1,6.0,8,1,10.0,8,1,7.8,8,1
2013/5/28,22.2,8,1,25.4,8,1,20.5,8,1,0.0,0,8,1,2.0,0,8,1,0,1,8,1,0,1,8,1,4.6,8,1,7.4,8,1,11.7,8,1,10.0,8,1
2013/5/29,22.0,8,1,24.4,8,1,20.7,8,1,0.0,0,8,1,0.4,0,8,1,0,1,8,1,0,1,8,1,5.0,8,1,8.5,8,1,14.3,8,1,10.0,8,1
2013/5/30,21.4,8,1,22.7,8,1,20.2,8,1,2.5,0,8,1,0.0,0,8,1,0,1,8,1,0,1,8,1,5.2,8,1,8.4,8,1,14.5,8,1,10.0,8,1
2013/5/31,22.6,8,1,27.2,8,1,18.7,8,1,1.0,0,8,1,9.4,0,8,1,0,1,8,1,0,1,8,1,3.3,8,1,6.1,8,1,10.8,8,1,6.0,8,1
2013/6/1,20.3,8,1,26.0,8,1,16.6,8,1,0,1,8,1,6.7,0,8,1,0,1,8,1,0,1,8,1,2.7,8,1,5.9,8,1,9.4,8,1,6.8,8,1
2013/6/2,18.3,8,1,23.3,8,1,14.7,8,1,0.0,0,8,1,7.3,0,8,1,0,1,8,1,0,1,8,1,3.2,8,1,5.4,8,1,10.3,8,1,7.8,8,1
2013/6/3,20.0,8,1,24.9,8,1,14.7,8,1,0,1,8,1,8.6,0,8,1,0,1,8,1,0,1,8,1,2.4,8,1,5.2,8,1,7.7,8,1,6.8,8,1
2013/6/4,23.2,8,1,29.1,8,1,18.7,8,1,0,1,8,1,12.8,0,8,1,0,1,8,1,0,1,8,1,2.8,8,1,5.9,8,1,9.5,8,1,0.3,8,1
2013/6/5,22.8,8,1,27.7,8,1,20.0,8,1,0,1,8,1,11.4,0,8,1,0,1,8,1,0,1,8,1,3.8,8,1,7.6,8,1,12.7,8,1,5.8,8,1
2013/6/6,22.6,8,1,25.3,8,1,20.7,8,1,0,1,8,1,0.6,0,8,1,0,1,8,1,0,1,8,1,3.0,5,1,5.4,8,1,7.8,8,1,10.0,8,1
2013/6/7,22.2,8,1,25.4,8,1,20.5,8,1,0.0,0,8,1,2.7,0,8,1,0,1,8,1,0,1,8,1,2.8,8,1,5.4,8,1,9.3,8,1,9.3,8,1
2013/6/8,22.3,8,1,27.7,8,1,18.7,8,1,0.5,0,8,1,6.6,0,8,1,0,1,8,1,0,1,8,1,2.4,8,1,5.3,8,1,8.4,8,1,7.0,8,1
2013/6/9,23.6,8,1,29.1,8,1,19.3,8,1,0,1,8,1,9.5,0,8,1,0,1,8,1,0,1,8,1,2.9,8,1,5.2,8,1,8.8,8,1,5.8,8,1
2013/6/10,23.6,8,1,27.5,8,1,21.5,8,1,0.0,0,8,1,0.9,0,8,1,0,1,8,1,0,1,8,1,2.3,8,1,5.1,8,1,8.0,8,1,10.0,8,1
2013/6/11,21.4,8,1,23.0,8,1,19.8,8,1,4.5,0,8,1,0.0,0,8,1,0,1,8,1,0,1,8,1,2.0,8,1,3.7,8,1,6.1,8,1,10.0,8,1
2013/6/12,21.1,8,1,24.1,8,1,19.3,8,1,7.0,0,8,1,0.0,0,8,1,0,1,8,1,0,1,8,1,2.6,8,1,4.7,8,1,8.5,8,1,10.0,8,1
2013/6/13,21.4,8,1,22.5,8,1,20.7,8,1,41.0,0,8,1,0.0,0,8,1,0,1,8,1,0,1,8,1,3.3,8,1,4.9,8,1,10.8,8,1,10.0,8,1
2013/6/14,23.5,8,1,27.0,8,1,20.5,8,1,11.5,0,8,1,0.4,0,8,1,0,1,8,1,0,1,8,1,2.1,8,1,3.8,8,1,6.1,8,1,10.0,8,1
2013/6/15,26.0,8,1,29.9,8,1,23.1,8,1,0.0,0,8,1,5.4,0,8,1,0,1,8,1,0,1,8,1,2.6,8,1,6.1,8,1,9.1,8,1,10.0,8,1
2013/6/16,22.9,8,1,25.2,8,1,21.2,8,1,26.5,0,8,1,1.6,0,8,1,0,1,8,1,0,1,8,1,2.5,8,1,5.1,8,1,9.1,8,1,10.0,8,1
2013/6/17,24.6,8,1,29.3,8,1,20.7,8,1,0.0,0,8,1,5.9,0,8,1,0,1,8,1,0,1,8,1,2.5,8,1,5.2,8,1,7.7,8,1,9.5,8,1
2013/6/18,26.9,8,1,30.2,8,1,23.8,8,1,0.0,0,8,1,4.0,0,8,1,0,1,8,1,0,1,8,1,2.5,8,1,5.1,8,1,8.0,8,1,10.0,8,1
2013/6/19,26.7,8,1,28.0,8,1,23.9,8,1,1.0,0,8,1,0.0,0,8,1,0,1,8,1,0,1,8,1,5.1,8,1,11.6,8,1,21.4,8,1,10.0,8,1
2013/6/20,22.3,8,1,24.3,8,1,20.8,8,1,9.0,0,8,1,0.0,0,8,1,0,1,8,1,0,1,8,1,3.1,8,1,7.0,8,1,11.4,8,1,10.0,8,1
2013/6/21,21.8,8,1,24.0,8,1,19.7,8,1,13.0,0,8,1,0.0,0,8,1,0,1,8,1,0,1,8,1,2.1,8,1,4.9,8,1,7.7,8,1,10.0,8,1
2013/6/22,22.8,8,1,26.4,8,1,18.7,8,1,0.0,0,8,1,6.3,0,8,1,0,1,8,1,0,1,8,1,2.4,8,1,6.0,8,1,9.3,8,1,8.0,8,1
2013/6/23,23.4,8,1,27.9,8,1,19.5,8,1,1.5,0,8,1,6.1,0,8,1,0,1,8,1,0,1,8,1,2.7,8,1,6.6,8,1,9.8,8,1,9.0,8,1
2013/6/24,23.3,8,1,27.7,8,1,19.7,8,1,3.5,0,8,1,2.8,0,8,1,0,1,8,1,0,1,8,1,2.1,8,1,5.3,8,1,7.6,8,1,10.0,8,1
2013/6/25,24.1,8,1,26.3,8,1,22.5,8,1,0.0,0,8,1,0.3,0,8,1,0,1,8,1,0,1,8,1,2.0,8,1,4.9,8,1,7.4,8,1,9.8,8,1
2013/6/26,21.8,8,1,23.7,8,1,19.5,8,1,37.5,0,8,1,0.0,0,8,1,0,1,8,1,0,1,8,1,2.7,8,1,4.7,8,1,11.3,8,1,10.0,8,1
2013/6/27,23.0,8,1,27.5,8,1,19.0,8,1,2.5,0,8,1,9.4,0,8,1,0,1,8,1,0,1,8,1,3.3,8,1,5.8,8,1,9.0,8,1,8.3,8,1
2013/6/28,22.4,8,1,25.5,8,1,19.3,8,1,0.0,0,8,1,3.7,0,8,1,0,1,8,1,0,1,8,1,2.8,8,1,5.2,8,1,8.1,8,1,9.8,8,1
2013/6/29,24.0,8,1,28.5,8,1,21.2,8,1,0.0,0,8,1,5.6,0,8,1,0,1,8,1,0,1,8,1,2.8,8,1,8.1,8,1,11.9,8,1,8.3,8,1
2013/6/30,24.2,8,1,27.8,8,1,22.0,8,1,0.0,0,8,1,5.3,0,8,1,0,1,8,1,0,1,8,1,3.6,8,1,6.9,8,1,11.1,8,1,9.8,8,1
2013/7/1,23.8,8,1,26.1,8,1,22.3,8,1,0,1,8,1,0.4,0,8,1,0,1,8,1,0,1,8,1,3.8,8,1,6.2,8,1,9.2,8,1,9.8,8,1
2013/7/2,24.3,8,1,27.9,8,1,22.0,8,1,0,1,8,1,8.5,0,8,1,0,1,8,1,0,1,8,1,3.2,8,1,5.7,8,1,9.3,8,1,7.5,8,1
2013/7/3,24.1,8,1,27.4,8,1,22.3,8,1,0.0,0,8,1,1.5,0,8,1,0,1,8,1,0,1,8,1,5.2,8,1,8.3,8,1,14.2,8,1,10.0,8,1
2013/7/4,25.2,8,1,27.3,8,1,23.2,8,1,0.5,0,8,1,0.0,0,8,1,0,1,8,1,0,1,8,1,3.9,8,1,6.8,8,1,12.9,8,1,10.0,8,1
2013/7/5,26.8,8,1,28.9,8,1,24.2,8,1,2.0,0,8,1,0.0,0,8,1,0,1,8,1,0,1,8,1,5.9,8,1,9.0,8,1,17.8,8,1,10.0,8,1
2013/7/6,29.2,8,1,33.7,8,1,26.8,8,1,0,1,8,1,8.8,0,8,1,0,1,8,1,0,1,8,1,6.4,8,1,9.6,8,1,16.3,8,1,9.5,8,1
2013/7/7,29.5,8,1,35.4,8,1,25.8,8,1,7.5,0,8,1,11.1,0,8,1,0,1,8,1,0,1,8,1,3.5,8,1,6.0,8,1,10.2,8,1,5.3,8,1
2013/7/8,29.4,8,1,35.3,8,1,25.7,8,1,4.5,0,8,1,9.8,0,8,1,0,1,8,1,0,1,8,1,2.1,8,1,7.9,8,1,18.2,8,1,4.3,8,1
2013/7/9,30.1,8,1,35.4,8,1,25.7,8,1,0,1,8,1,12.8,0,8,1,0,1,8,1,0,1,8,1,2.5,8,1,5.1,8,1,8.0,8,1,1.0,8,1
2013/7/10,30.2,8,1,35.3,8,1,26.9,8,1,0,1,8,1,10.8,0,8,1,0,1,8,1,0,1,8,1,2.6,8,1,5.1,8,1,8.4,8,1,7.3,8,1
2013/7/11,30.3,8,1,34.5,8,1,27.4,8,1,0,1,8,1,10.9,0,8,1,0,1,8,1,0,1,8,1,2.4,8,1,5.3,8,1,7.7,8,1,8.0,8,1
2013/7/12,30.9,8,1,34.9,8,1,27.8,8,1,0,1,8,1,10.9,0,8,1,0,1,8,1,0,1,8,1,2.5,8,1,5.8,8,1,8.8,8,1,9.0,8,1
2013/7/13,30.7,8,1,34.4,8,1,27.9,8,1,0.0,0,8,1,1.4,0,8,1,0,1,8,1,0,1,8,1,1.7,8,1,4.4,8,1,6.2,8,1,10.0,8,1
2013/7/14,29.3,8,1,34.6,8,1,24.8,8,1,36.5,0,8,1,4.9,0,8,1,0,1,8,1,0,1,8,1,2.4,8,1,7.4,8,1,11.1,8,1,10.0,8,1
2013/7/15,28.5,8,1,35.1,8,1,22.5,8,1,0.0,0,8,1,6.5,0,8,1,0,1,8,1,0,1,8,1,3.2,8,1,7.6,8,1,14.8,8,1,10.0,8,1
2013/7/16,25.3,8,1,29.1,8,1,21.6,8,1,0,1,8,1,4.8,0,8,1,0,1,8,1,0,1,8,1,2.6,8,1,5.2,8,1,8.3,8,1,9.8,8,1
2013/7/17,24.6,8,1,29.1,8,1,22.1,8,1,10.5,0,8,1,1.3,0,8,1,0,1,8,1,0,1,8,1,2.5,8,1,5.3,8,1,9.5,8,1,10.0,8,1
2013/7/18,27.7,8,1,31.8,8,1,23.8,8,1,1.0,0,8,1,4.9,0,8,1,0,1,8,1,0,1,8,1,3.2,8,1,6.5,8,1,10.6,8,1,7.8,8,1
2013/7/19,25.4,8,1,30.5,8,1,21.4,8,1,0.0,0,8,1,8.7,0,8,1,0,1,8,1,0,1,8,1,2.8,8,1,5.9,8,1,8.8,8,1,6.8,8,1
2013/7/20,23.9,8,1,28.3,8,1,21.1,8,1,0,1,8,1,3.2,0,8,1,0,1,8,1,0,1,8,1,2.4,8,1,4.3,8,1,7.6,8,1,9.3,8,1
2013/7/21,24.8,8,1,29.0,8,1,21.0,8,1,0,1,8,1,8.7,0,8,1,0,1,8,1,0,1,8,1,2.5,8,1,5.6,8,1,8.6,8,1,10.0,8,1
2013/7/22,26.5,8,1,30.4,8,1,23.5,8,1,0.0,0,8,1,6.1,0,8,1,0,1,8,1,0,1,8,1,2.8,8,1,6.5,8,1,9.8,8,1,10.0,8,1
2013/7/23,28.0,8,1,35.2,8,1,25.2,8,1,24.5,0,8,1,5.9,0,8,1,0,1,8,1,0,1,8,1,2.2,8,1,7.5,8,1,13.1,8,1,7.8,8,1
2013/7/24,25.4,8,1,27.1,8,1,24.3,8,1,1.5,0,8,1,0.0,0,8,1,0,1,8,1,0,1,8,1,2.6,8,1,4.8,8,1,8.8,8,1,10.0,8,1
2013/7/25,26.7,8,1,29.3,8,1,24.1,8,1,0.0,0,8,1,0.0,0,8,1,0,1,8,1,0,1,8,1,1.5,8,1,3.0,8,1,5.0,8,1,10.0,8,1
2013/7/26,28.4,8,1,32.3,8,1,25.5,8,1,0,1,8,1,5.1,0,8,1,0,1,8,1,0,1,8,1,2.7,8,1,5.3,8,1,9.2,8,1,10.0,8,1
2013/7/27,27.6,8,1,33.1,8,1,22.3,8,1,19.5,0,8,1,5.2,0,8,1,0,1,8,1,0,1,8,1,3.0,8,1,7.8,8,1,16.0,8,1,8.0,8,1
2013/7/28,27.3,8,1,31.8,8,1,22.9,8,1,0.5,0,8,1,8.1,0,8,1,0,1,8,1,0,1,8,1,2.0,8,1,4.3,8,1,7.0,8,1,9.5,8,1
2013/7/29,26.3,8,1,27.3,8,1,24.9,8,1,7.0,0,8,1,0.0,0,8,1,0,1,8,1,0,1,8,1,2.1,8,1,4.6,8,1,8.6,8,1,10.0,8,1
2013/7/30,27.8,8,1,31.2,8,1,25.0,8,1,0.0,0,8,1,2.3,0,8,1,0,1,8,1,0,1,8,1,2.5,8,1,5.6,8,1,8.1,8,1,10.0,8,1
2013/7/31,27.4,8,1,30.7,8,1,25.2,8,1,0.0,0,8,1,0.8,0,8,1,0,1,8,1,0,1,8,1,2.7,8,1,5.6,8,1,8.8,8,1,10.0,8,1
2013/8/1,27.5,8,1,32.8,8,1,24.2,8,1,0.5,0,8,1,3.2,0,8,1,0,1,8,1,0,1,8,1,2.4,8,1,5.7,8,1,8.4,8,1,8.8,8,1